Datetime,Water Level (m)
2025-05-03 18:00:00,0.1602728
2025-05-03 19:00:00,0.25460356
2025-05-03 20:00:00,0.27511507
2025-05-03 21:00:00,0.18564875
2025-05-03 22:00:00,-0.0076646665
2025-05-03 23:00:00,-0.24431776
2025-05-04 00:00:00,-0.4328241
2025-05-04 01:00:00,-0.54106176
2025-05-04 02:00:00,-0.51206833
2025-05-04 03:00:00,-0.35132325
2025-05-04 04:00:00,-0.1080006
2025-05-04 05:00:00,0.17733003
2025-05-04 06:00:00,0.37101004
2025-05-04 07:00:00,0.5389328
2025-05-04 08:00:00,0.5939217
2025-05-04 09:00:00,0.5350275
2025-05-04 10:00:00,0.36916006
2025-05-04 11:00:00,0.18106888
2025-05-04 12:00:00,-0.08182355
2025-05-04 13:00:00,-0.34314233
2025-05-04 14:00:00,-0.51221937
2025-05-04 15:00:00,-0.53520447
2025-05-04 16:00:00,-0.50166255
2025-05-04 17:00:00,-0.32180855
2025-05-04 18:00:00,-0.08273798
2025-05-04 19:00:00,0.06416596
2025-05-04 20:00:00,0.17213698
2025-05-04 21:00:00,0.24649926
2025-05-04 22:00:00,0.17523971
2025-05-04 23:00:00,0.070673764
2025-05-05 00:00:00,-0.06965282
2025-05-05 01:00:00,-0.24568574
2025-05-05 02:00:00,-0.37312573
2025-05-05 03:00:00,-0.40763524
2025-05-05 04:00:00,-0.31542382
2025-05-05 05:00:00,-0.15629709
2025-05-05 06:00:00,0.028650627
2025-05-05 07:00:00,0.27203643
2025-05-05 08:00:00,0.4398069
2025-05-05 09:00:00,0.5130158
2025-05-05 10:00:00,0.511645
2025-05-05 11:00:00,0.40949857
2025-05-05 12:00:00,0.21146357
2025-05-05 13:00:00,-0.038494587
2025-05-05 14:00:00,-0.27517673
2025-05-05 15:00:00,-0.44651908
2025-05-05 16:00:00,-0.552921
2025-05-05 17:00:00,-0.51527315
2025-05-05 18:00:00,-0.36446244
2025-05-05 19:00:00,-0.15573576
2025-05-05 20:00:00,0.084938504
2025-05-05 21:00:00,0.25465578
2025-05-05 22:00:00,0.2828828
2025-05-05 23:00:00,0.285624
2025-05-06 00:00:00,0.20239352
2025-05-06 01:00:00,0.036098514
2025-05-06 02:00:00,-0.12475995
2025-05-06 03:00:00,-0.2777254
2025-05-06 04:00:00,-0.3551611
2025-05-06 05:00:00,-0.34910727
2025-05-06 06:00:00,-0.25935307
2025-05-06 07:00:00,-0.05837049
2025-05-06 08:00:00,0.18964392
2025-05-06 09:00:00,0.37944946
2025-05-06 10:00:00,0.50738305
2025-05-06 11:00:00,0.5385825
2025-05-06 12:00:00,0.4500879
2025-05-06 13:00:00,0.24178949
2025-05-06 14:00:00,-0.025037652
2025-05-06 15:00:00,-0.2976145
2025-05-06 16:00:00,-0.4930376
2025-05-06 17:00:00,-0.6131467
2025-05-06 18:00:00,-0.569303
2025-05-06 19:00:00,-0.42028403
2025-05-06 20:00:00,-0.15424016
2025-05-06 21:00:00,0.11613432
2025-05-06 22:00:00,0.31364784
2025-05-06 23:00:00,0.4147918
2025-05-07 00:00:00,0.46031192
2025-05-07 01:00:00,0.34139436
2025-05-07 02:00:00,0.13220043
2025-05-07 03:00:00,-0.08853071
2025-05-07 04:00:00,-0.28001824
2025-05-07 05:00:00,-0.3980285
2025-05-07 06:00:00,-0.40375313
2025-05-07 07:00:00,-0.30683574
2025-05-07 08:00:00,-0.077313825
2025-05-07 09:00:00,0.19650725
2025-05-07 10:00:00,0.423648
2025-05-07 11:00:00,0.56632763
2025-05-07 12:00:00,0.59955615
2025-05-07 13:00:00,0.49687108
2025-05-07 14:00:00,0.24778911
2025-05-07 15:00:00,-0.057550956
2025-05-07 16:00:00,-0.37243965
2025-05-07 17:00:00,-0.5811809
2025-05-07 18:00:00,-0.65863055
2025-05-07 19:00:00,-0.588949
2025-05-07 20:00:00,-0.38224766
2025-05-07 21:00:00,-0.048375774
2025-05-07 22:00:00,0.25057656
2025-05-07 23:00:00,0.45231837
2025-05-08 00:00:00,0.5888604
2025-05-08 01:00:00,0.59148085
2025-05-08 02:00:00,0.44212496
2025-05-08 03:00:00,0.17047651
2025-05-08 04:00:00,-0.11879919
2025-05-08 05:00:00,-0.37332752
2025-05-08 06:00:00,-0.5171852
2025-05-08 07:00:00,-0.51505756
2025-05-08 08:00:00,-0.33558825
2025-05-08 09:00:00,-0.053692505
2025-05-08 10:00:00,0.262328
2025-05-08 11:00:00,0.49681658
2025-05-08 12:00:00,0.6200208
2025-05-08 13:00:00,0.6188875
2025-05-08 14:00:00,0.451158
2025-05-08 15:00:00,0.1479903
2025-05-08 16:00:00,-0.20910963
2025-05-08 17:00:00,-0.5055767
2025-05-08 18:00:00,-0.712512
2025-05-08 19:00:00,-0.74753845
2025-05-08 20:00:00,-0.60757357
2025-05-08 21:00:00,-0.29719123
2025-05-08 22:00:00,0.09133052
2025-05-08 23:00:00,0.43784007
2025-05-09 00:00:00,0.6439673
2025-05-09 01:00:00,0.7510406
2025-05-09 02:00:00,0.67728573
2025-05-09 03:00:00,0.41867524
2025-05-09 04:00:00,0.084602
2025-05-09 05:00:00,-0.24878182
2025-05-09 06:00:00,-0.51331013
2025-05-09 07:00:00,-0.6297627
2025-05-09 08:00:00,-0.54101783
2025-05-09 09:00:00,-0.29962113
2025-05-09 10:00:00,0.05521718
2025-05-09 11:00:00,0.38896203
2025-05-09 12:00:00,0.6138514
2025-05-09 13:00:00,0.7066723
2025-05-09 14:00:00,0.6280617
2025-05-09 15:00:00,0.37465942
2025-05-09 16:00:00,-0.004384022
2025-05-09 17:00:00,-0.37175718
2025-05-09 18:00:00,-0.68783617
